State,leaid,District_name,schid,School_name,combokey,total_enrollment,justice_facility,idea_mech_restraints,idea_phys_restraints,idea_seclusion,section_504_mech_restraints,section_504_phys_restraints,section_504_seclusion,no_dis_mech_restraints,no_dis_phys_restraints,no_dis_seclusion,propublica_dirty,incomplete
WY,5600014,NORMATIVE SERVICES - ADMINISTRATION OFFICE,225.0,NORMATIVE SERVICES,560001400225,74.0,,0.0,0.0,0.0,0.0,0.0,0.0,0.0,0.0,0.0,f,
WY,5600015,RED TOP MEADOWS - ADMINISTRATION OFFICE,243.0,RED TOP MEADOWS,560001500243,15.0,X,0.0,2.0,3.0,0.0,0.0,0.0,0.0,1.0,0.0,t,
WY,5600016,NORTHWEST WYOMING BOCES,45.0,BIG HORN BASIN CHILDREN'S CENTER,560001600045,28.0,,0.0,684.0,597.0,0.0,0.0,0.0,0.0,0.0,0.0,f,
WY,5600730,ALBANY COUNTY SCHOOL DISTRICT #1,1.0,LARAMIE HIGH SCHOOL,560073000001,752.0,,0.0,0.0,0.0,0.0,0.0,0.0,0.0,0.0,0.0,f,
WY,5600730,ALBANY COUNTY SCHOOL DISTRICT #1,2.0,LARAMIE JUNIOR HIGH SCHOOL,560073000002,696.0,,0.0,0.0,0.0,0.0,0.0,0.0,0.0,0.0,0.0,f,
WY,5600730,ALBANY COUNTY SCHOOL DISTRICT #1,3.0,ROCK RIVER HIGH SCHOOL,560073000003,36.0,,0.0,0.0,0.0,0.0,0.0,0.0,0.0,0.0,0.0,f,
WY,5600730,ALBANY COUNTY SCHOOL DISTRICT #1,4.0,INDIAN PAINTBRUSH  ELEMENTARY,560073000004,341.0,,0.0,0.0,0.0,0.0,0.0,0.0,0.0,0.0,0.0,f,
WY,5600730,ALBANY COUNTY SCHOOL DISTRICT #1,5.0,BEITEL ELEMENTARY,560073000005,300.0,,0.0,0.0,0.0,0.0,0.0,0.0,0.0,0.0,0.0,f,
WY,5600730,ALBANY COUNTY SCHOOL DISTRICT #1,6.0,SPRING CREEK ELEMENTARY,560073000006,320.0,,0.0,0.0,0.0,0.0,0.0,0.0,0.0,0.0,0.0,f,
WY,5600730,ALBANY COUNTY SCHOOL DISTRICT #1,7.0,CENTENNIAL ELEMENTARY,560073000007,30.0,,0.0,0.0,0.0,0.0,0.0,0.0,0.0,0.0,0.0,f,
WY,5600730,ALBANY COUNTY SCHOOL DISTRICT #1,11.0,HARMONY ELEMENTARY,560073000011,25.0,,0.0,0.0,0.0,0.0,0.0,0.0,0.0,0.0,0.0,f,
WY,5600730,ALBANY COUNTY SCHOOL DISTRICT #1,14.0,VELMA LINFORD ELEMENTARY,560073000014,418.0,,0.0,0.0,0.0,0.0,0.0,0.0,0.0,0.0,0.0,f,
WY,5600730,ALBANY COUNTY SCHOOL DISTRICT #1,17.0,ROCK RIVER JUNIOR HIGH SCHOOL,560073000017,19.0,,0.0,0.0,0.0,0.0,0.0,0.0,0.0,0.0,0.0,f,
WY,5600730,ALBANY COUNTY SCHOOL DISTRICT #1,20.0,SLADE ELEMENTARY,560073000020,361.0,,0.0,0.0,0.0,0.0,0.0,0.0,0.0,0.0,0.0,f,
WY,5600730,ALBANY COUNTY SCHOOL DISTRICT #1,66.0,WHITING HIGH SCHOOL,560073000066,51.0,,0.0,0.0,0.0,0.0,0.0,0.0,0.0,0.0,0.0,f,
WY,5600730,ALBANY COUNTY SCHOOL DISTRICT #1,216.0,SNOWY RANGE ACADEMY,560073000216,170.0,,0.0,0.0,0.0,0.0,0.0,0.0,0.0,0.0,0.0,f,
WY,5600730,ALBANY COUNTY SCHOOL DISTRICT #1,453.0,ROCK RIVER ELEMENTARY,560073000453,41.0,,0.0,0.0,0.0,0.0,0.0,0.0,0.0,0.0,0.0,f,
WY,5600730,ALBANY COUNTY SCHOOL DISTRICT #1,535.0,UW LABORATORY SCHOOL,560073000535,221.0,,0.0,0.0,0.0,0.0,0.0,0.0,0.0,0.0,0.0,f,
WY,5600730,ALBANY COUNTY SCHOOL DISTRICT #1,99999.0,LARAMIE MONTESSORI SCHOOL,560073099999,49.0,,0.0,0.0,0.0,0.0,0.0,0.0,0.0,0.0,0.0,f,
WY,5600960,FREMONT COUNTY SCHOOL DISTRICT #38,162.0,ARAPAHOE ELEMENTARY,560096000162,432.0,,185.0,0.0,0.0,0.0,0.0,0.0,0.0,0.0,0.0,f,
WY,5600960,FREMONT COUNTY SCHOOL DISTRICT #38,367.0,ARAPAHOE CHARTER HIGH SCHOOL,560096000367,34.0,,0.0,0.0,0.0,0.0,0.0,0.0,0.0,0.0,0.0,f,
WY,5601030,CARBON COUNTY SCHOOL DISTRICT #1,26.0,RAWLINS HIGH SCHOOL,560103000026,393.0,,0.0,0.0,0.0,0.0,0.0,0.0,0.0,0.0,0.0,f,
WY,5601030,CARBON COUNTY SCHOOL DISTRICT #1,28.0,RAWLINS MIDDLE SCHOOL,560103000028,401.0,,0.0,0.0,13.0,0.0,0.0,0.0,0.0,0.0,3.0,f,
WY,5601030,CARBON COUNTY SCHOOL DISTRICT #1,30.0,BAIROIL ELEMENTARY,560103000030,7.0,,0.0,0.0,0.0,0.0,0.0,0.0,0.0,0.0,0.0,f,
WY,5601030,CARBON COUNTY SCHOOL DISTRICT #1,34.0,SINCLAIR ELEMENTARY,560103000034,38.0,,0.0,0.0,0.0,0.0,0.0,0.0,0.0,0.0,0.0,f,
WY,5601030,CARBON COUNTY SCHOOL DISTRICT #1,124.0,LITTLE SNAKE RIVER VALLEY SCHOOL,560103000124,166.0,,0.0,0.0,0.0,0.0,0.0,0.0,0.0,0.0,0.0,f,
WY,5601030,CARBON COUNTY SCHOOL DISTRICT #1,147.0,COOPERATIVE HIGH,560103000147,32.0,,0.0,0.0,0.0,0.0,0.0,0.0,0.0,0.0,0.0,f,
WY,5601030,CARBON COUNTY SCHOOL DISTRICT #1,99999.0,RAWLINS ELEMENTARY SCHOOL,560103099999,785.0,,0.0,0.0,0.0,0.0,0.0,0.0,0.0,0.0,0.0,f,
WY,5601090,BIG HORN COUNTY SCHOOL DISTRICT #4,36.0,RIVERSIDE HIGH SCHOOL,560109000036,92.0,,0.0,0.0,0.0,0.0,0.0,0.0,0.0,0.0,0.0,f,
WY,5601090,BIG HORN COUNTY SCHOOL DISTRICT #4,38.0,LAURA IRWIN ELEMENTARY,560109000038,129.0,,0.0,0.0,0.0,0.0,0.0,0.0,0.0,0.0,0.0,f,
WY,5601090,BIG HORN COUNTY SCHOOL DISTRICT #4,40.0,MANDERSON ELEMENTARY,560109000040,25.0,,0.0,0.0,0.0,0.0,0.0,0.0,0.0,0.0,0.0,f,
WY,5601090,BIG HORN COUNTY SCHOOL DISTRICT #4,476.0,CLOUD PEAK MIDDLE SCHOOL,560109000476,74.0,,0.0,0.0,0.0,0.0,0.0,0.0,0.0,0.0,0.0,f,
WY,5601260,SUBLETTE COUNTY SCHOOL DISTRICT #9,41.0,BIG PINEY HIGH SCHOOL,560126000041,188.0,,0.0,0.0,0.0,0.0,0.0,0.0,0.0,0.0,0.0,f,
WY,5601260,SUBLETTE COUNTY SCHOOL DISTRICT #9,42.0,BIG PINEY MIDDLE SCHOOL,560126000042,173.0,,0.0,0.0,0.0,0.0,0.0,0.0,0.0,0.0,0.0,f,
WY,5601260,SUBLETTE COUNTY SCHOOL DISTRICT #9,43.0,BIG PINEY ELEMENTARY,560126000043,242.0,,0.0,0.0,0.0,0.0,0.0,0.0,0.0,0.0,0.0,f,
WY,5601260,SUBLETTE COUNTY SCHOOL DISTRICT #9,44.0,LA BARGE ELEMENTARY,560126000044,48.0,,0.0,0.0,0.0,0.0,0.0,0.0,0.0,0.0,0.0,f,
WY,5601460,BIG HORN COUNTY SCHOOL DISTRICT #2,54.0,LOVELL HIGH SCHOOL,560146000054,215.0,,0.0,0.0,0.0,0.0,0.0,0.0,0.0,0.0,0.0,f,
WY,5601460,BIG HORN COUNTY SCHOOL DISTRICT #2,55.0,LOVELL MIDDLE SCHOOL,560146000055,165.0,,0.0,0.0,0.0,0.0,0.0,0.0,0.0,0.0,0.0,f,
WY,5601460,BIG HORN COUNTY SCHOOL DISTRICT #2,56.0,LOVELL ELEMENTARY,560146000056,336.0,,0.0,0.0,0.0,0.0,0.0,0.0,0.0,0.0,0.0,f,
WY,5601470,CAMPBELL COUNTY SCHOOL DISTRICT #1,19.0,PRONGHORN ELEMENTARY,560147000019,458.0,,0.0,0.0,0.0,0.0,0.0,0.0,0.0,0.0,0.0,f,
WY,5601470,CAMPBELL COUNTY SCHOOL DISTRICT #1,57.0,CAMPBELL COUNTY HIGH SCHOOL,560147000057,1187.0,,0.0,0.0,0.0,0.0,0.0,0.0,0.0,0.0,0.0,f,
WY,5601470,CAMPBELL COUNTY SCHOOL DISTRICT #1,58.0,TWIN SPRUCE JUNIOR HIGH SCHOOL,560147000058,707.0,,0.0,0.0,0.0,0.0,0.0,0.0,0.0,0.0,0.0,f,
WY,5601470,CAMPBELL COUNTY SCHOOL DISTRICT #1,64.0,COTTONWOOD ELEMENTARY,560147000064,286.0,,0.0,0.0,0.0,0.0,0.0,0.0,0.0,0.0,0.0,f,
WY,5601470,CAMPBELL COUNTY SCHOOL DISTRICT #1,67.0,HILLCREST ELEMENTARY,560147000067,462.0,,0.0,0.0,0.0,0.0,0.0,0.0,0.0,0.0,0.0,f,
WY,5601470,CAMPBELL COUNTY SCHOOL DISTRICT #1,68.0,LITTLE POWDER ELEMENTARY,560147000068,22.0,,0.0,0.0,0.0,0.0,0.0,0.0,0.0,0.0,0.0,f,
WY,5601470,CAMPBELL COUNTY SCHOOL DISTRICT #1,69.0,MEADOWLARK ELEMENTARY,560147000069,360.0,,0.0,0.0,0.0,0.0,0.0,0.0,0.0,0.0,0.0,f,
WY,5601470,CAMPBELL COUNTY SCHOOL DISTRICT #1,70.0,LAKEVIEW ELEMENTARY,560147000070,377.0,,0.0,0.0,0.0,0.0,0.0,0.0,0.0,0.0,0.0,f,
WY,5601470,CAMPBELL COUNTY SCHOOL DISTRICT #1,71.0,RAWHIDE ELEMENTARY,560147000071,292.0,,0.0,0.0,0.0,0.0,0.0,0.0,0.0,0.0,0.0,f,
WY,5601470,CAMPBELL COUNTY SCHOOL DISTRICT #1,72.0,RECLUSE SCHOOL,560147000072,28.0,,0.0,0.0,0.0,0.0,0.0,0.0,0.0,0.0,0.0,f,
WY,5601470,CAMPBELL COUNTY SCHOOL DISTRICT #1,73.0,ROZET ELEMENTARY,560147000073,358.0,,0.0,0.0,0.0,0.0,0.0,0.0,0.0,0.0,0.0,f,
WY,5601470,CAMPBELL COUNTY SCHOOL DISTRICT #1,76.0,WAGONWHEEL ELEMENTARY,560147000076,441.0,,0.0,0.0,0.0,0.0,0.0,0.0,0.0,0.0,0.0,f,
WY,5601470,CAMPBELL COUNTY SCHOOL DISTRICT #1,349.0,PRAIRIE WIND ELEMENTARY,560147000349,446.0,,0.0,0.0,0.0,0.0,0.0,0.0,0.0,0.0,0.0,f,
WY,5601470,CAMPBELL COUNTY SCHOOL DISTRICT #1,409.0,CONESTOGA ELEMENTARY,560147000409,494.0,,0.0,0.0,0.0,0.0,0.0,0.0,0.0,0.0,0.0,f,
WY,5601470,CAMPBELL COUNTY SCHOOL DISTRICT #1,410.0,SAGE VALLEY JUNIOR HIGH SCHOOL,560147000410,788.0,,0.0,0.0,0.0,0.0,0.0,0.0,0.0,0.0,0.0,f,
WY,5601470,CAMPBELL COUNTY SCHOOL DISTRICT #1,429.0,WRIGHT JR. & SR. HIGH SCHOOL,560147000429,225.0,,0.0,0.0,0.0,0.0,0.0,0.0,0.0,0.0,0.0,f,
WY,5601470,CAMPBELL COUNTY SCHOOL DISTRICT #1,435.0,PAINTBRUSH ELEMENTARY,560147000435,504.0,,0.0,0.0,0.0,0.0,0.0,0.0,0.0,0.0,0.0,f,
WY,5601470,CAMPBELL COUNTY SCHOOL DISTRICT #1,436.0,SUNFLOWER ELEMENTARY,560147000436,459.0,,0.0,0.0,0.0,0.0,0.0,0.0,0.0,0.0,0.0,f,
WY,5601470,CAMPBELL COUNTY SCHOOL DISTRICT #1,454.0,4-J ELEMENTARY SCHOOL,560147000454,38.0,,0.0,0.0,0.0,0.0,0.0,0.0,0.0,0.0,0.0,f,
WY,5601470,CAMPBELL COUNTY SCHOOL DISTRICT #1,479.0,WESTWOOD HIGH SCHOOL,560147000479,73.0,,0.0,0.0,0.0,0.0,0.0,0.0,0.0,0.0,0.0,f,
WY,5601700,CARBON COUNTY SCHOOL DISTRICT #2,84.0,ELK MOUNTAIN ELEMENTARY,560170000084,21.0,,0.0,0.0,0.0,0.0,0.0,0.0,0.0,0.0,0.0,f,
WY,5601700,CARBON COUNTY SCHOOL DISTRICT #2,85.0,HANNA ELEMENTARY,560170000085,97.0,,0.0,0.0,0.0,0.0,0.0,0.0,0.0,0.0,0.0,f,
WY,5601700,CARBON COUNTY SCHOOL DISTRICT #2,87.0,MEDICINE BOW ELEMENTARY,560170000087,20.0,,0.0,0.0,0.0,0.0,0.0,0.0,0.0,0.0,0.0,f,
WY,5601700,CARBON COUNTY SCHOOL DISTRICT #2,88.0,SARATOGA ELEMENTARY,560170000088,124.0,,0.0,0.0,0.0,0.0,0.0,0.0,0.0,0.0,0.0,f,
WY,5601700,CARBON COUNTY SCHOOL DISTRICT #2,385.0,HEM JUNIOR/SENIOR HIGH SCHOOL,560170000385,97.0,,0.0,0.0,0.0,0.0,0.0,0.0,0.0,0.0,0.0,f,
WY,5601700,CARBON COUNTY SCHOOL DISTRICT #2,387.0,ENCAMPMENT K-12 SCHOOL,560170000387,128.0,,0.0,0.0,0.0,0.0,0.0,0.0,0.0,0.0,0.0,f,
WY,5601700,CARBON COUNTY SCHOOL DISTRICT #2,390.0,SARATOGA MIDDLE/HIGH SCHOOL,560170000390,151.0,,0.0,0.0,0.0,0.0,0.0,0.0,0.0,0.0,0.0,f,
WY,5601980,LARAMIE COUNTY SCHOOL DISTRICT #1,90.0,CENTRAL HIGH SCHOOL,560198000090,1495.0,,0.0,0.0,0.0,0.0,0.0,0.0,0.0,2.0,0.0,f,
WY,5601980,LARAMIE COUNTY SCHOOL DISTRICT #1,91.0,EAST HIGH SCHOOL,560198000091,1552.0,,0.0,2.0,2.0,0.0,0.0,0.0,0.0,2.0,0.0,f,
WY,5601980,LARAMIE COUNTY SCHOOL DISTRICT #1,92.0,TRIUMPH HIGH SCHOOL,560198000092,291.0,,0.0,0.0,0.0,0.0,0.0,0.0,0.0,0.0,0.0,f,
WY,5601980,LARAMIE COUNTY SCHOOL DISTRICT #1,93.0,CAREY JUNIOR HIGH SCHOOL,560198000093,1231.0,,0.0,0.0,0.0,0.0,0.0,0.0,0.0,0.0,0.0,f,
WY,5601980,LARAMIE COUNTY SCHOOL DISTRICT #1,94.0,JOHNSON JUNIOR HIGH SCHOOL,560198000094,934.0,,0.0,0.0,0.0,0.0,0.0,0.0,0.0,0.0,0.0,f,
WY,5601980,LARAMIE COUNTY SCHOOL DISTRICT #1,95.0,MCCORMICK JUNIOR HIGH SCHOOL,560198000095,778.0,,0.0,0.0,0.0,0.0,0.0,0.0,0.0,0.0,0.0,f,
WY,5601980,LARAMIE COUNTY SCHOOL DISTRICT #1,96.0,ALTA VISTA ELEMENTARY,560198000096,418.0,,0.0,0.0,0.0,0.0,0.0,0.0,0.0,0.0,0.0,f,
WY,5601980,LARAMIE COUNTY SCHOOL DISTRICT #1,97.0,ARP ELEMENTARY,560198000097,460.0,,0.0,0.0,0.0,0.0,0.0,0.0,0.0,0.0,0.0,f,
WY,5601980,LARAMIE COUNTY SCHOOL DISTRICT #1,98.0,BAGGS ELEMENTARY,560198000098,404.0,,0.0,2.0,2.0,0.0,0.0,0.0,0.0,0.0,0.0,f,
WY,5601980,LARAMIE COUNTY SCHOOL DISTRICT #1,99.0,BAIN ELEMENTARY,560198000099,404.0,,0.0,0.0,0.0,0.0,0.0,0.0,0.0,0.0,0.0,f,
WY,5601980,LARAMIE COUNTY SCHOOL DISTRICT #1,100.0,BUFFALO RIDGE ELEMENTARY,560198000100,400.0,,0.0,0.0,0.0,0.0,0.0,0.0,0.0,0.0,0.0,f,
WY,5601980,LARAMIE COUNTY SCHOOL DISTRICT #1,102.0,COLE ELEMENTARY,560198000102,310.0,,0.0,3.0,0.0,0.0,0.0,0.0,0.0,0.0,0.0,f,
WY,5601980,LARAMIE COUNTY SCHOOL DISTRICT #1,104.0,DAVIS ELEMENTARY,560198000104,380.0,,0.0,0.0,0.0,0.0,0.0,0.0,0.0,0.0,2.0,f,
WY,5601980,LARAMIE COUNTY SCHOOL DISTRICT #1,105.0,DEMING ELEMENTARY,560198000105,132.0,,0.0,0.0,0.0,0.0,0.0,0.0,0.0,0.0,0.0,f,
WY,5601980,LARAMIE COUNTY SCHOOL DISTRICT #1,106.0,DILDINE ELEMENTARY,560198000106,538.0,,0.0,0.0,0.0,0.0,0.0,0.0,0.0,0.0,0.0,f,
WY,5601980,LARAMIE COUNTY SCHOOL DISTRICT #1,108.0,FAIRVIEW ELEMENTARY,560198000108,152.0,,0.0,0.0,0.0,0.0,0.0,0.0,0.0,0.0,0.0,f,
WY,5601980,LARAMIE COUNTY SCHOOL DISTRICT #1,109.0,GILCHRIST ELEMENTARY,560198000109,154.0,,0.0,0.0,0.0,0.0,0.0,0.0,0.0,0.0,0.0,f,
WY,5601980,LARAMIE COUNTY SCHOOL DISTRICT #1,110.0,GOINS ELEMENTARY,560198000110,439.0,,0.0,0.0,0.0,0.0,0.0,0.0,0.0,0.0,0.0,f,
WY,5601980,LARAMIE COUNTY SCHOOL DISTRICT #1,111.0,HEBARD ELEMENTARY,560198000111,420.0,,0.0,0.0,0.0,0.0,0.0,0.0,0.0,0.0,0.0,f,
WY,5601980,LARAMIE COUNTY SCHOOL DISTRICT #1,112.0,HENDERSON ELEMENTARY,560198000112,388.0,,0.0,0.0,0.0,0.0,0.0,0.0,0.0,0.0,0.0,f,
WY,5601980,LARAMIE COUNTY SCHOOL DISTRICT #1,113.0,HOBBS ELEMENTARY,560198000113,523.0,,0.0,2.0,3.0,0.0,0.0,0.0,0.0,2.0,3.0,f,
WY,5601980,LARAMIE COUNTY SCHOOL DISTRICT #1,114.0,CLAWSON ELEMENTARY,560198000114,63.0,,0.0,0.0,0.0,0.0,0.0,0.0,0.0,0.0,0.0,f,
WY,5601980,LARAMIE COUNTY SCHOOL DISTRICT #1,115.0,JESSUP ELEMENTARY,560198000115,379.0,,0.0,0.0,0.0,0.0,0.0,0.0,0.0,0.0,0.0,f,
WY,5601980,LARAMIE COUNTY SCHOOL DISTRICT #1,116.0,LEBHART ELEMENTARY,560198000116,183.0,,0.0,0.0,0.0,0.0,0.0,0.0,0.0,0.0,0.0,f,
WY,5601980,LARAMIE COUNTY SCHOOL DISTRICT #1,117.0,MILLER ELEMENTARY,560198000117,82.0,,0.0,1.0,0.0,0.0,0.0,0.0,0.0,0.0,0.0,f,
WY,5601980,LARAMIE COUNTY SCHOOL DISTRICT #1,118.0,PIONEER PARK ELEMENTARY,560198000118,502.0,,0.0,0.0,0.0,0.0,0.0,0.0,0.0,0.0,0.0,f,
WY,5601980,LARAMIE COUNTY SCHOOL DISTRICT #1,119.0,ROSSMAN ELEMENTARY,560198000119,463.0,,0.0,1.0,0.0,0.0,0.0,0.0,0.0,0.0,0.0,f,
WY,5601980,LARAMIE COUNTY SCHOOL DISTRICT #1,120.0,WILLADSEN ELEMENTARY,560198000120,64.0,,0.0,0.0,0.0,0.0,0.0,0.0,0.0,0.0,0.0,f,
WY,5601980,LARAMIE COUNTY SCHOOL DISTRICT #1,371.0,FREEDOM ELEMENTARY,560198000371,382.0,,0.0,1.0,0.0,0.0,0.0,0.0,0.0,0.0,0.0,f,
WY,5601980,LARAMIE COUNTY SCHOOL DISTRICT #1,396.0,SUNRISE ELEMENTARY,560198000396,481.0,,0.0,0.0,0.0,0.0,0.0,0.0,0.0,0.0,0.0,f,
WY,5601980,LARAMIE COUNTY SCHOOL DISTRICT #1,426.0,SADDLE RIDGE ELEMENTARY,560198000426,403.0,,0.0,0.0,0.0,0.0,0.0,0.0,0.0,0.0,0.0,f,
WY,5601980,LARAMIE COUNTY SCHOOL DISTRICT #1,438.0,ANDERSON ELEMENTARY,560198000438,501.0,,0.0,0.0,0.0,0.0,0.0,0.0,0.0,0.0,0.0,f,
WY,5601980,LARAMIE COUNTY SCHOOL DISTRICT #1,448.0,SOUTH HIGH SCHOOL,560198000448,970.0,,0.0,1.0,0.0,0.0,0.0,0.0,0.0,0.0,0.0,f,
WY,5601980,LARAMIE COUNTY SCHOOL DISTRICT #1,480.0,AFFLERBACH ELEMENTARY,560198000480,604.0,,0.0,0.0,0.0,0.0,0.0,0.0,0.0,0.0,0.0,f,
WY,5602070,PARK COUNTY SCHOOL DISTRICT # 6,121.0,CODY HIGH SCHOOL,560207000121,694.0,,0.0,0.0,0.0,0.0,0.0,0.0,0.0,0.0,0.0,f,
WY,5602070,PARK COUNTY SCHOOL DISTRICT # 6,122.0,EASTSIDE ELEMENTARY,560207000122,332.0,,0.0,0.0,0.0,0.0,0.0,0.0,0.0,0.0,0.0,f,
WY,5602070,PARK COUNTY SCHOOL DISTRICT # 6,125.0,WAPITI ELEMENTARY,560207000125,19.0,,0.0,0.0,0.0,0.0,0.0,0.0,0.0,0.0,0.0,f,
WY,5602070,PARK COUNTY SCHOOL DISTRICT # 6,126.0,GLENN LIVINGSTON ELEMENTARY,560207000126,341.0,,0.0,0.0,0.0,0.0,0.0,0.0,0.0,0.0,0.0,f,
WY,5602070,PARK COUNTY SCHOOL DISTRICT # 6,351.0,CODY MIDDLE SCHOOL,560207000351,547.0,,0.0,4.0,0.0,0.0,0.0,0.0,0.0,0.0,0.0,f,
WY,5602070,PARK COUNTY SCHOOL DISTRICT # 6,430.0,VALLEY ELEMENTARY,560207000430,7.0,,0.0,0.0,0.0,0.0,0.0,0.0,0.0,0.0,0.0,f,
WY,5602070,PARK COUNTY SCHOOL DISTRICT # 6,521.0,SUNSET ELEMENTARY,560207000521,330.0,,0.0,0.0,4.0,0.0,0.0,0.0,0.0,0.0,1.0,f,
WY,5602140,CONVERSE COUNTY SCHOOL DISTRICT #1,127.0,DOUGLAS HIGH SCHOOL,560214000127,493.0,,0.0,0.0,0.0,0.0,0.0,0.0,0.0,0.0,0.0,f,
WY,5602140,CONVERSE COUNTY SCHOOL DISTRICT #1,128.0,DOUGLAS PRIMARY SCHOOL,560214000128,427.0,,0.0,0.0,0.0,0.0,0.0,0.0,0.0,0.0,0.0,f,
WY,5602140,CONVERSE COUNTY SCHOOL DISTRICT #1,129.0,DRY CREEK ELEMENTARY,560214000129,11.0,,0.0,0.0,0.0,0.0,0.0,0.0,0.0,0.0,0.0,f,
WY,5602140,CONVERSE COUNTY SCHOOL DISTRICT #1,130.0,MOSS AGATE ELEMENTARY,560214000130,16.0,,0.0,0.0,0.0,0.0,0.0,0.0,0.0,0.0,0.0,f,
WY,5602140,CONVERSE COUNTY SCHOOL DISTRICT #1,132.0,SHAWNEE ELEMENTARY,560214000132,10.0,,0.0,0.0,0.0,0.0,0.0,0.0,0.0,0.0,0.0,f,
WY,5602140,CONVERSE COUNTY SCHOOL DISTRICT #1,135.0,WHITE ELEMENTARY,560214000135,13.0,,0.0,0.0,0.0,0.0,0.0,0.0,0.0,0.0,0.0,f,
WY,5602140,CONVERSE COUNTY SCHOOL DISTRICT #1,352.0,DOUGLAS INTERMEDIATE SCHOOL,560214000352,372.0,,0.0,0.0,0.0,0.0,0.0,0.0,0.0,0.0,0.0,f,
WY,5602140,CONVERSE COUNTY SCHOOL DISTRICT #1,368.0,DOUGLAS MIDDLE SCHOOL,560214000368,390.0,,0.0,0.0,0.0,0.0,0.0,0.0,0.0,0.0,0.0,f,
WY,5602140,CONVERSE COUNTY SCHOOL DISTRICT #1,99999.0,WALKER CREEK ELEMENTARY,560214099999,11.0,,0.0,0.0,0.0,0.0,0.0,0.0,0.0,0.0,0.0,f,
WY,5602150,CONVERSE COUNTY SCHOOL DISTRICT #2,37.0,GLENROCK INTERMEDIATE SCHOOL,560215000037,120.0,,0.0,0.0,0.0,0.0,0.0,0.0,0.0,0.0,0.0,f,
WY,5602150,CONVERSE COUNTY SCHOOL DISTRICT #2,136.0,GLENROCK MIDDLE SCHOOL,560215000136,123.0,,0.0,0.0,0.0,0.0,0.0,0.0,0.0,0.0,0.0,f,
WY,5602150,CONVERSE COUNTY SCHOOL DISTRICT #2,137.0,GLENROCK HIGH SCHOOL,560215000137,215.0,,0.0,0.0,0.0,0.0,0.0,1.0,0.0,0.0,10.0,f,
WY,5602150,CONVERSE COUNTY SCHOOL DISTRICT #2,141.0,GRANT ELEMENTARY,560215000141,341.0,,0.0,3.0,0.0,0.0,0.0,0.0,0.0,0.0,0.0,f,
WY,5602370,CROOK COUNTY SCHOOL DISTRICT #1,148.0,MOORCROFT ELEMENTARY,560237000148,340.0,,0.0,0.0,0.0,0.0,0.0,0.0,0.0,0.0,0.0,f,
WY,5602370,CROOK COUNTY SCHOOL DISTRICT #1,150.0,SUNDANCE ELEMENTARY,560237000150,204.0,,0.0,0.0,0.0,0.0,0.0,0.0,0.0,0.0,0.0,f,
WY,5602370,CROOK COUNTY SCHOOL DISTRICT #1,398.0,MOORCROFT SECONDARY SCHOOL,560237000398,231.0,,0.0,0.0,0.0,0.0,0.0,0.0,0.0,0.0,0.0,f,
WY,5602370,CROOK COUNTY SCHOOL DISTRICT #1,405.0,SUNDANCE SECONDARY SCHOOL,560237000405,170.0,,0.0,0.0,0.0,0.0,0.0,0.0,0.0,0.0,0.0,f,
WY,5602370,CROOK COUNTY SCHOOL DISTRICT #1,458.0,HULETT SCHOOL,560237000458,170.0,,0.0,0.0,0.0,0.0,0.0,0.0,0.0,0.0,0.0,f,
WY,5602370,CROOK COUNTY SCHOOL DISTRICT #1,530.0,BEAR LODGE HIGH SCHOOL,560237000530,15.0,,0.0,0.0,0.0,0.0,0.0,0.0,0.0,0.0,0.0,f,
WY,5602670,FREMONT COUNTY SCHOOL DISTRICT # 2,151.0,DUBOIS HIGH SCHOOL,560267000151,49.0,,0.0,0.0,0.0,0.0,0.0,0.0,0.0,0.0,0.0,f,
WY,5602670,FREMONT COUNTY SCHOOL DISTRICT # 2,366.0,DUBOIS MIDDLE SCHOOL,560267000366,44.0,,0.0,0.0,0.0,0.0,0.0,0.0,0.0,0.0,0.0,f,
WY,5602670,FREMONT COUNTY SCHOOL DISTRICT # 2,432.0,DUBOIS ELEMENTARY,560267000432,73.0,,0.0,0.0,0.0,0.0,0.0,0.0,0.0,0.0,0.0,f,
WY,5602760,UINTA COUNTY SCHOOL DISTRICT #1,152.0,EVANSTON HIGH SCHOOL,560276000152,798.0,,0.0,0.0,0.0,0.0,0.0,0.0,0.0,0.0,0.0,f,
WY,5602760,UINTA COUNTY SCHOOL DISTRICT #1,153.0,DAVIS MIDDLE SCHOOL,560276000153,352.0,,0.0,0.0,0.0,0.0,0.0,0.0,0.0,0.0,0.0,f,
WY,5602760,UINTA COUNTY SCHOOL DISTRICT #1,155.0,CLARK ELEMENTARY,560276000155,219.0,,0.0,0.0,25.0,0.0,0.0,0.0,0.0,0.0,5.0,f,
WY,5602760,UINTA COUNTY SCHOOL DISTRICT #1,376.0,HORIZON HIGH SCHOOL,560276000376,53.0,,0.0,0.0,0.0,0.0,0.0,0.0,0.0,0.0,0.0,f,
WY,5602760,UINTA COUNTY SCHOOL DISTRICT #1,414.0,UINTA MEADOWS ELEMENTARY,560276000414,435.0,,0.0,9.0,21.0,0.0,0.0,0.0,0.0,0.0,2.0,f,
WY,5602760,UINTA COUNTY SCHOOL DISTRICT #1,433.0,NORTH EVANSTON ELEMENTARY,560276000433,350.0,,0.0,0.0,45.0,0.0,0.0,0.0,0.0,0.0,0.0,f,
WY,5602760,UINTA COUNTY SCHOOL DISTRICT #1,462.0,ASPEN ELEMENTARY,560276000462,328.0,,0.0,0.0,17.0,0.0,0.0,0.0,0.0,0.0,0.0,f,
WY,5602760,UINTA COUNTY SCHOOL DISTRICT #1,463.0,EVANSTON MIDDLE SCHOOL,560276000463,347.0,,0.0,0.0,0.0,0.0,0.0,0.0,0.0,0.0,0.0,f,
WY,5602820,FREMONT COUNTY SCHOOL DISTRICT #21,354.0,FT. WASHAKIE CHARTER HIGH SCHOOL,560282000354,54.0,,0.0,0.0,0.0,0.0,0.0,0.0,0.0,0.0,0.0,f,
WY,5602820,FREMONT COUNTY SCHOOL DISTRICT #21,370.0,FT. WASHAKIE MIDDLE SCHOOL,560282000370,82.0,,0.0,0.0,0.0,0.0,0.0,0.0,0.0,0.0,0.0,f,
WY,5602820,FREMONT COUNTY SCHOOL DISTRICT #21,498.0,FT. WASHAKIE ELEMENTARY,560282000498,388.0,,0.0,0.0,0.0,0.0,0.0,0.0,0.0,0.0,0.0,f,
WY,5602830,FREMONT COUNTY SCHOOL DISTRICT # 6,158.0,WIND RIVER MIDDLE/HIGH SCHOOL,560283000158,215.0,,0.0,0.0,0.0,0.0,0.0,0.0,0.0,0.0,0.0,f,
WY,5602830,FREMONT COUNTY SCHOOL DISTRICT # 6,159.0,CROWHEART ELEMENTARY,560283000159,6.0,,0.0,0.0,0.0,0.0,0.0,0.0,0.0,0.0,0.0,f,
WY,5602830,FREMONT COUNTY SCHOOL DISTRICT # 6,160.0,WIND RIVER ELEMENTARY,560283000160,168.0,,0.0,0.0,0.0,0.0,0.0,0.0,0.0,0.0,0.0,f,
WY,5602870,FREMONT COUNTY SCHOOL DISTRICT # 1,74.0,JEFFREY CITY ELEMENTARY,560287000074,4.0,,0.0,0.0,0.0,0.0,0.0,0.0,0.0,0.0,0.0,f,
WY,5602870,FREMONT COUNTY SCHOOL DISTRICT # 1,154.0,PATHFINDER HIGH SCHOOL,560287000154,38.0,,0.0,0.0,0.0,0.0,0.0,0.0,0.0,0.0,0.0,f,
WY,5602870,FREMONT COUNTY SCHOOL DISTRICT # 1,163.0,LANDER VALLEY HIGH SCHOOL,560287000163,511.0,,0.0,1.0,0.0,0.0,0.0,0.0,0.0,0.0,0.0,f,
WY,5602870,FREMONT COUNTY SCHOOL DISTRICT # 1,198.0,LANDER MIDDLE SCHOOL,560287000198,380.0,,0.0,0.0,0.0,0.0,0.0,0.0,0.0,0.0,0.0,f,
WY,5602870,FREMONT COUNTY SCHOOL DISTRICT # 1,99997.0,BALDWIN CREEK ELEMENTARY,560287099997,238.0,,0.0,8.0,9.0,0.0,0.0,0.0,0.0,0.0,0.0,f,
WY,5602870,FREMONT COUNTY SCHOOL DISTRICT # 1,99998.0,GANNETT PEAK ELEMENTARY,560287099998,268.0,,0.0,1.0,0.0,0.0,0.0,0.0,0.0,1.0,0.0,f,
WY,5602870,FREMONT COUNTY SCHOOL DISTRICT # 1,99999.0,NORTH ELEMENTARY,560287099999,285.0,,0.0,19.0,6.0,0.0,0.0,0.0,0.0,1.0,1.0,f,
WY,5602990,GOSHEN COUNTY SCHOOL DISTRICT #1,167.0,LINGLE-FT. LARAMIE HIGH SCHOOL,560299000167,95.0,,0.0,0.0,0.0,0.0,0.0,0.0,0.0,0.0,0.0,f,
WY,5602990,GOSHEN COUNTY SCHOOL DISTRICT #1,168.0,TORRINGTON HIGH SCHOOL,560299000168,385.0,,0.0,7.0,0.0,0.0,0.0,0.0,0.0,0.0,0.0,f,
WY,5602990,GOSHEN COUNTY SCHOOL DISTRICT #1,169.0,TORRINGTON MIDDLE SCHOOL,560299000169,288.0,,0.0,0.0,0.0,0.0,0.0,0.0,0.0,0.0,0.0,f,
WY,5602990,GOSHEN COUNTY SCHOOL DISTRICT #1,171.0,SOUTHEAST ELEMENTARY,560299000171,122.0,,0.0,0.0,0.0,0.0,0.0,0.0,0.0,0.0,0.0,f,
WY,5602990,GOSHEN COUNTY SCHOOL DISTRICT #1,172.0,LINGLE-FT. LARAMIE ELEMENTARY,560299000172,123.0,,0.0,0.0,0.0,0.0,0.0,0.0,0.0,0.0,0.0,f,
WY,5602990,GOSHEN COUNTY SCHOOL DISTRICT #1,373.0,LINGLE-FT. LARAMIE MIDDLE SCHOOL,560299000373,69.0,,0.0,0.0,0.0,0.0,0.0,0.0,0.0,0.0,0.0,f,
WY,5602990,GOSHEN COUNTY SCHOOL DISTRICT #1,464.0,LINCOLN ELEMENTARY,560299000464,260.0,,0.0,5.0,1.0,0.0,0.0,0.0,0.0,0.0,0.0,f,
WY,5602990,GOSHEN COUNTY SCHOOL DISTRICT #1,475.0,LA GRANGE ELEMENTARY,560299000475,21.0,,0.0,0.0,0.0,0.0,0.0,0.0,0.0,0.0,0.0,f,
WY,5602990,GOSHEN COUNTY SCHOOL DISTRICT #1,482.0,SOUTHEAST JUNIOR HIGH SCHOOL,560299000482,54.0,,0.0,0.0,0.0,0.0,0.0,0.0,0.0,0.0,0.0,f,
WY,5602990,GOSHEN COUNTY SCHOOL DISTRICT #1,483.0,SOUTHEAST HIGH SCHOOL,560299000483,126.0,,0.0,0.0,0.0,0.0,0.0,0.0,0.0,0.0,0.0,f,
WY,5602990,GOSHEN COUNTY SCHOOL DISTRICT #1,488.0,TRAIL ELEMENTARY,560299000488,286.0,,0.0,0.0,0.0,0.0,0.0,0.0,0.0,0.0,0.0,f,
WY,5603170,BIG HORN COUNTY SCHOOL DISTRICT #3,174.0,GREYBULL HIGH SCHOOL,560317000174,175.0,,0.0,0.0,0.0,0.0,0.0,0.0,0.0,0.0,0.0,f,
WY,5603170,BIG HORN COUNTY SCHOOL DISTRICT #3,176.0,GREYBULL ELEMENTARY,560317000176,208.0,,0.0,0.0,0.0,0.0,0.0,0.0,0.0,0.0,0.0,f,
WY,5603170,BIG HORN COUNTY SCHOOL DISTRICT #3,378.0,GREYBULL MIDDLE SCHOOL,560317000378,124.0,,0.0,0.0,0.0,0.0,0.0,0.0,0.0,0.0,0.0,f,
WY,5603180,PLATTE COUNTY SCHOOL DISTRICT #2,179.0,GUERNSEY-SUNRISE ELEMENTARY,560318000179,104.0,,0.0,0.0,0.0,0.0,0.0,0.0,0.0,0.0,0.0,f,
WY,5603180,PLATTE COUNTY SCHOOL DISTRICT #2,379.0,GUERNSEY-SUNRISE HIGH SCHOOL,560318000379,68.0,,0.0,0.0,0.0,0.0,0.0,0.0,0.0,0.0,0.0,f,
WY,5603180,PLATTE COUNTY SCHOOL DISTRICT #2,499.0,GUERNSEY-SUNRISE JUNIOR HIGH,560318000499,31.0,,0.0,0.0,0.0,0.0,0.0,0.0,0.0,0.0,0.0,f,
WY,5603310,HOT SPRINGS COUNTY SCHOOL DISTRICT #1,180.0,HOT SPRINGS COUNTY HIGH SCHOOL,560331000180,201.0,,0.0,0.0,0.0,0.0,0.0,0.0,0.0,0.0,0.0,f,
WY,5603310,HOT SPRINGS COUNTY SCHOOL DISTRICT #1,181.0,THERMOPOLIS MIDDLE SCHOOL,560331000181,222.0,,0.0,0.0,0.0,0.0,0.0,0.0,0.0,0.0,0.0,f,
WY,5603310,HOT SPRINGS COUNTY SCHOOL DISTRICT #1,185.0,RALPH WITTERS ELEMENTARY,560331000185,250.0,,0.0,0.0,0.0,0.0,0.0,0.0,0.0,0.0,0.0,f,
WY,5603770,JOHNSON COUNTY SCHOOL DISTRICT #1,187.0,BUFFALO HIGH SCHOOL,560377000187,398.0,,0.0,0.0,0.0,0.0,0.0,0.0,0.0,0.0,0.0,f,
WY,5603770,JOHNSON COUNTY SCHOOL DISTRICT #1,191.0,CLEAR CREEK MIDDLE SCHOOL,560377000191,267.0,,0.0,0.0,0.0,0.0,0.0,0.0,0.0,0.0,0.0,f,
WY,5603770,JOHNSON COUNTY SCHOOL DISTRICT #1,380.0,MEADOWLARK ELEMENTARY,560377000380,398.0,,0.0,1.0,0.0,0.0,0.0,0.0,0.0,0.0,0.0,f,
WY,5603770,JOHNSON COUNTY SCHOOL DISTRICT #1,417.0,CLEAR CREEK ELEMENTARY,560377000417,172.0,,0.0,9.0,1.0,0.0,0.0,0.0,0.0,0.0,0.0,f,
WY,5603770,JOHNSON COUNTY SCHOOL DISTRICT #1,449.0,KAYCEE SCHOOL,560377000449,190.0,,0.0,0.0,0.0,0.0,0.0,0.0,0.0,0.0,0.0,f,
WY,5604030,LINCOLN COUNTY SCHOOL DISTRICT #1,195.0,KEMMERER HIGH SCHOOL,560403000195,171.0,,0.0,0.0,0.0,0.0,0.0,0.0,0.0,0.0,0.0,f,
WY,5604030,LINCOLN COUNTY SCHOOL DISTRICT #1,197.0,KEMMERER ELEMENTARY,560403000197,257.0,,0.0,0.0,0.0,0.0,0.0,0.0,0.0,0.0,0.0,f,
WY,5604030,LINCOLN COUNTY SCHOOL DISTRICT #1,358.0,KEMMERER ALTERNATIVE SCHOOL,560403000358,20.0,,0.0,0.0,0.0,0.0,0.0,0.0,0.0,0.0,0.0,f,
WY,5604030,LINCOLN COUNTY SCHOOL DISTRICT #1,502.0,KEMMERER MIDDLE SCHOOL,560403000502,179.0,,0.0,0.0,0.0,0.0,0.0,0.0,0.0,0.0,0.0,f,
WY,5604060,LINCOLN COUNTY SCHOOL DISTRICT #2,193.0,SWIFT CREEK HIGH SCHOOL,560406000193,26.0,,0.0,0.0,0.0,0.0,0.0,0.0,0.0,0.0,0.0,f,
WY,5604060,LINCOLN COUNTY SCHOOL DISTRICT #2,202.0,STAR VALLEY HIGH SCHOOL,560406000202,689.0,,0.0,0.0,0.0,0.0,0.0,0.0,0.0,0.0,0.0,f,
WY,5604060,LINCOLN COUNTY SCHOOL DISTRICT #2,203.0,STAR VALLEY MIDDLE SCHOOL,560406000203,393.0,,0.0,0.0,0.0,0.0,0.0,0.0,0.0,0.0,0.0,f,
WY,5604060,LINCOLN COUNTY SCHOOL DISTRICT #2,204.0,AFTON ELEMENTARY,560406000204,371.0,,0.0,0.0,0.0,0.0,0.0,0.0,0.0,0.0,0.0,f,
WY,5604060,LINCOLN COUNTY SCHOOL DISTRICT #2,205.0,COKEVILLE ELEMENTARY,560406000205,139.0,,0.0,0.0,0.0,0.0,0.0,0.0,0.0,0.0,0.0,f,
WY,5604060,LINCOLN COUNTY SCHOOL DISTRICT #2,206.0,THAYNE ELEMENTARY,560406000206,357.0,,0.0,0.0,0.0,0.0,0.0,0.0,0.0,0.0,0.0,f,
WY,5604060,LINCOLN COUNTY SCHOOL DISTRICT #2,207.0,ETNA ELEMENTARY,560406000207,235.0,,0.0,0.0,0.0,0.0,0.0,0.0,0.0,0.0,0.0,f,
WY,5604060,LINCOLN COUNTY SCHOOL DISTRICT #2,381.0,COKEVILLE HIGH SCHOOL,560406000381,101.0,,0.0,0.0,0.0,0.0,0.0,0.0,0.0,0.0,0.0,f,
WY,5604060,LINCOLN COUNTY SCHOOL DISTRICT #2,404.0,OSMOND ELEMENTARY,560406000404,302.0,,0.0,0.0,0.0,0.0,0.0,0.0,0.0,0.0,0.0,f,
WY,5604120,LARAMIE COUNTY SCHOOL DISTRICT #2,208.0,ALBIN ELEMENTARY,560412000208,74.0,,0.0,1.0,0.0,0.0,0.0,0.0,0.0,0.0,0.0,f,
WY,5604120,LARAMIE COUNTY SCHOOL DISTRICT #2,209.0,BURNS JR & SR HIGH SCHOOL,560412000209,261.0,,0.0,0.0,0.0,0.0,0.0,0.0,0.0,0.0,0.0,f,
WY,5604120,LARAMIE COUNTY SCHOOL DISTRICT #2,210.0,PINE BLUFFS JR & SR HIGH SCHOOL,560412000210,157.0,,0.0,0.0,0.0,0.0,0.0,0.0,0.0,0.0,0.0,f,
WY,5604120,LARAMIE COUNTY SCHOOL DISTRICT #2,211.0,CARPENTER ELEMENTARY,560412000211,69.0,,0.0,0.0,0.0,0.0,0.0,0.0,0.0,0.0,0.0,f,
WY,5604120,LARAMIE COUNTY SCHOOL DISTRICT #2,213.0,PINE BLUFFS ELEMENTARY,560412000213,163.0,,0.0,1.0,0.0,0.0,0.0,0.0,0.0,0.0,0.0,f,
WY,5604120,LARAMIE COUNTY SCHOOL DISTRICT #2,504.0,BURNS ELEMENTARY,560412000504,205.0,,0.0,3.0,0.0,0.0,0.0,0.0,0.0,0.0,0.0,f,
WY,5604230,NIOBRARA COUNTY SCHOOL DISTRICT #1,214.0,NIOBRARA COUNTY HIGH SCHOOL,560423000214,374.0,,0.0,0.0,0.0,0.0,0.0,0.0,0.0,0.0,0.0,f,
WY,5604230,NIOBRARA COUNTY SCHOOL DISTRICT #1,215.0,LUSK MIDDLE SCHOOL,560423000215,139.0,,0.0,0.0,0.0,0.0,0.0,0.0,0.0,0.0,0.0,f,
WY,5604230,NIOBRARA COUNTY SCHOOL DISTRICT #1,218.0,LANCE CREEK ELEMENTARY,560423000218,48.0,,0.0,0.0,0.0,0.0,0.0,0.0,0.0,0.0,0.0,f,
WY,5604230,NIOBRARA COUNTY SCHOOL DISTRICT #1,219.0,LUSK ELEMENTARY,560423000219,406.0,,0.0,0.0,0.0,0.0,0.0,0.0,0.0,0.0,0.0,f,
WY,5604260,UINTA COUNTY SCHOOL DISTRICT #6,222.0,LYMAN HIGH SCHOOL,560426000222,212.0,,0.0,0.0,0.0,0.0,0.0,0.0,0.0,0.0,0.0,f,
WY,5604260,UINTA COUNTY SCHOOL DISTRICT #6,357.0,LYMAN MIDDLE SCHOOL,560426000357,217.0,,0.0,0.0,0.0,0.0,0.0,0.0,0.0,0.0,0.0,f,
WY,5604260,UINTA COUNTY SCHOOL DISTRICT #6,418.0,URIE ELEMENTARY,560426000418,314.0,,0.0,0.0,0.0,0.0,0.0,0.0,0.0,0.0,0.0,f,
WY,5604380,PARK COUNTY SCHOOL DISTRICT #16,139.0,MEETEETSE SCHOOL,560438000139,120.0,,0.0,0.0,0.0,0.0,0.0,0.0,0.0,0.0,0.0,f,
WY,5604450,FREMONT COUNTY SCHOOL DISTRICT #14,226.0,WYOMING INDIAN ELEMENTARY,560445000226,348.0,,0.0,0.0,0.0,0.0,0.0,0.0,0.0,0.0,0.0,f,
WY,5604450,FREMONT COUNTY SCHOOL DISTRICT #14,386.0,WYOMING INDIAN MIDDLE SCHOOL,560445000386,112.0,,0.0,0.0,0.0,0.0,0.0,0.0,0.0,0.0,0.0,f,
WY,5604450,FREMONT COUNTY SCHOOL DISTRICT #14,441.0,WYOMING INDIAN HIGH SCHOOL,560445000441,177.0,,0.0,0.0,0.0,0.0,0.0,0.0,0.0,0.0,0.0,f,
WY,5604500,UINTA COUNTY SCHOOL DISTRICT #4,227.0,MOUNTAIN VIEW HIGH SCHOOL,560450000227,259.0,,0.0,0.0,0.0,0.0,0.0,0.0,0.0,0.0,0.0,f,
WY,5604500,UINTA COUNTY SCHOOL DISTRICT #4,228.0,MOUNTAIN VIEW ELEMENTARY,560450000228,231.0,,0.0,0.0,0.0,0.0,0.0,0.0,0.0,0.0,0.0,f,
WY,5604500,UINTA COUNTY SCHOOL DISTRICT #4,388.0,MOUNTAIN VIEW MIDDLE SCHOOL,560450000388,171.0,,0.0,0.0,0.0,0.0,0.0,0.0,0.0,0.0,0.0,f,
WY,5604500,UINTA COUNTY SCHOOL DISTRICT #4,442.0,FT. BRIDGER ELEMENTARY,560450000442,180.0,,0.0,0.0,0.0,0.0,0.0,0.0,0.0,0.0,0.0,f,
WY,5604510,NATRONA COUNTY SCHOOL DISTRICT #1,133.0,MIDWEST SCHOOL,560451000133,173.0,,0.0,0.0,0.0,0.0,0.0,0.0,0.0,0.0,0.0,f,
WY,5604510,NATRONA COUNTY SCHOOL DISTRICT #1,157.0,WILLOW CREEK ELEMENTARY,560451000157,4.0,,0.0,0.0,0.0,0.0,0.0,0.0,0.0,0.0,0.0,f,
WY,5604510,NATRONA COUNTY SCHOOL DISTRICT #1,183.0,CASPER CLASSICAL ACADEMY,560451000183,291.0,,0.0,0.0,0.0,0.0,0.0,0.0,0.0,0.0,0.0,f,
WY,5604510,NATRONA COUNTY SCHOOL DISTRICT #1,229.0,KELLY WALSH HIGH SCHOOL,560451000229,1542.0,,0.0,0.0,1.0,0.0,0.0,0.0,0.0,0.0,0.0,f,
WY,5604510,NATRONA COUNTY SCHOOL DISTRICT #1,231.0,NATRONA COUNTY HIGH SCHOOL,560451000231,1813.0,,0.0,0.0,0.0,0.0,0.0,0.0,0.0,0.0,0.0,f,
WY,5604510,NATRONA COUNTY SCHOOL DISTRICT #1,232.0,C Y MIDDLE  SCHOOL,560451000232,736.0,,0.0,1.0,4.0,0.0,0.0,0.0,0.0,0.0,0.0,f,
WY,5604510,NATRONA COUNTY SCHOOL DISTRICT #1,233.0,DEAN MORGAN JUNIOR HIGH SCHOOL,560451000233,838.0,,0.0,0.0,2.0,0.0,0.0,0.0,0.0,0.0,0.0,f,
WY,5604510,NATRONA COUNTY SCHOOL DISTRICT #1,235.0,ALCOVA ELEMENTARY,560451000235,7.0,,0.0,0.0,0.0,0.0,0.0,0.0,0.0,0.0,0.0,f,
WY,5604510,NATRONA COUNTY SCHOOL DISTRICT #1,236.0,CREST HILL ELEMENTARY,560451000236,325.0,,0.0,0.0,0.0,0.0,0.0,0.0,0.0,0.0,0.0,f,
WY,5604510,NATRONA COUNTY SCHOOL DISTRICT #1,237.0,EVANSVILLE ELEMENTARY,560451000237,308.0,,0.0,0.0,0.0,0.0,0.0,0.0,0.0,0.0,0.0,f,
WY,5604510,NATRONA COUNTY SCHOOL DISTRICT #1,240.0,FT. CASPAR ACADEMY,560451000240,460.0,,0.0,0.0,0.0,0.0,0.0,0.0,0.0,0.0,0.0,f,
WY,5604510,NATRONA COUNTY SCHOOL DISTRICT #1,242.0,GRANT ELEMENTARY,560451000242,227.0,,0.0,0.0,0.0,0.0,0.0,0.0,0.0,0.0,0.0,f,
WY,5604510,NATRONA COUNTY SCHOOL DISTRICT #1,245.0,MANOR HEIGHTS ELEMENTARY,560451000245,317.0,,0.0,0.0,36.0,0.0,0.0,0.0,0.0,0.0,0.0,f,
WY,5604510,NATRONA COUNTY SCHOOL DISTRICT #1,247.0,MILLS ELEMENTARY,560451000247,203.0,,0.0,0.0,0.0,0.0,0.0,0.0,0.0,0.0,0.0,f,
WY,5604510,NATRONA COUNTY SCHOOL DISTRICT #1,248.0,MOUNTAIN VIEW ELEMENTARY,560451000248,247.0,,0.0,56.0,172.0,0.0,0.0,0.0,0.0,0.0,0.0,f,
WY,5604510,NATRONA COUNTY SCHOOL DISTRICT #1,249.0,NORTH CASPER ELEMENTARY,560451000249,184.0,,0.0,0.0,0.0,0.0,0.0,0.0,0.0,0.0,0.0,f,
WY,5604510,NATRONA COUNTY SCHOOL DISTRICT #1,250.0,PARADISE VALLEY ELEMENTARY,560451000250,366.0,,0.0,0.0,0.0,0.0,0.0,0.0,0.0,0.0,0.0,f,
WY,5604510,NATRONA COUNTY SCHOOL DISTRICT #1,251.0,PARK ELEMENTARY,560451000251,265.0,,0.0,0.0,0.0,0.0,0.0,0.0,0.0,0.0,0.0,f,
WY,5604510,NATRONA COUNTY SCHOOL DISTRICT #1,252.0,PINEVIEW ELEMENTARY,560451000252,294.0,,0.0,0.0,0.0,0.0,0.0,0.0,0.0,0.0,0.0,f,
WY,5604510,NATRONA COUNTY SCHOOL DISTRICT #1,253.0,POISON SPIDER ELEMENTARY,560451000253,245.0,,0.0,0.0,0.0,0.0,0.0,0.0,0.0,0.0,0.0,f,
WY,5604510,NATRONA COUNTY SCHOOL DISTRICT #1,254.0,POWDER RIVER ELEMENTARY,560451000254,4.0,,0.0,0.0,0.0,0.0,0.0,0.0,0.0,0.0,0.0,f,
WY,5604510,NATRONA COUNTY SCHOOL DISTRICT #1,256.0,ROOSEVELT HIGH SCHOOL,560451000256,160.0,,0.0,0.0,0.0,0.0,0.0,0.0,0.0,0.0,0.0,f,
WY,5604510,NATRONA COUNTY SCHOOL DISTRICT #1,257.0,SOUTHRIDGE ELEMENTARY,560451000257,281.0,,0.0,0.0,0.0,0.0,0.0,0.0,0.0,0.0,0.0,f,
WY,5604510,NATRONA COUNTY SCHOOL DISTRICT #1,258.0,UNIVERSITY PARK ELEMENTARY,560451000258,190.0,,0.0,0.0,0.0,0.0,0.0,0.0,0.0,0.0,0.0,f,
WY,5604510,NATRONA COUNTY SCHOOL DISTRICT #1,260.0,WILLARD ELEMENTARY,560451000260,232.0,,0.0,0.0,0.0,0.0,0.0,0.0,0.0,0.0,0.0,f,
WY,5604510,NATRONA COUNTY SCHOOL DISTRICT #1,262.0,WOODS LEARNING CENTER,560451000262,154.0,,0.0,0.0,0.0,0.0,0.0,0.0,0.0,0.0,0.0,f,
WY,5604510,NATRONA COUNTY SCHOOL DISTRICT #1,374.0,FRONTIER MIDDLE SCHOOL,560451000374,175.0,,0.0,0.0,0.0,0.0,0.0,0.0,0.0,0.0,0.0,f,
WY,5604510,NATRONA COUNTY SCHOOL DISTRICT #1,377.0,COTTONWOOD ELEMENTARY,560451000377,313.0,,0.0,0.0,0.0,0.0,0.0,0.0,0.0,0.0,0.0,f,
WY,5604510,NATRONA COUNTY SCHOOL DISTRICT #1,389.0,VERDA JAMES ELEMENTARY,560451000389,417.0,,0.0,0.0,0.0,0.0,0.0,0.0,0.0,0.0,0.0,f,
WY,5604510,NATRONA COUNTY SCHOOL DISTRICT #1,420.0,OREGON TRAIL ELEMENTARY,560451000420,284.0,,0.0,0.0,0.0,0.0,0.0,0.0,0.0,0.0,0.0,f,
WY,5604510,NATRONA COUNTY SCHOOL DISTRICT #1,444.0,SAGEWOOD ELEMENTARY,560451000444,281.0,,0.0,0.0,0.0,0.0,0.0,0.0,0.0,0.0,0.0,f,
WY,5604510,NATRONA COUNTY SCHOOL DISTRICT #1,445.0,BAR NUNN ELEMENTARY,560451000445,256.0,,0.0,0.0,0.0,0.0,0.0,0.0,0.0,0.0,0.0,f,
WY,5604510,NATRONA COUNTY SCHOOL DISTRICT #1,451.0,SUMMIT ELEMENTARY,560451000451,233.0,,0.0,0.0,0.0,0.0,0.0,0.0,0.0,0.0,0.0,f,
WY,5604510,NATRONA COUNTY SCHOOL DISTRICT #1,469.0,RED CREEK ELEMENTARY,560451000469,2.0,,0.0,0.0,0.0,0.0,0.0,0.0,0.0,0.0,0.0,f,
WY,5604510,NATRONA COUNTY SCHOOL DISTRICT #1,470.0,CENTENNIAL JUNIOR HIGH SCHOOL,560451000470,530.0,,0.0,0.0,0.0,0.0,0.0,0.0,0.0,0.0,0.0,f,
WY,5604830,WESTON COUNTY SCHOOL DISTRICT #1,15.0,NEWCASTLE ELEMENTARY K-2,560483000015,227.0,,0.0,0.0,0.0,0.0,0.0,0.0,0.0,0.0,0.0,f,
WY,5604830,WESTON COUNTY SCHOOL DISTRICT #1,263.0,NEWCASTLE HIGH SCHOOL,560483000263,246.0,,0.0,0.0,0.0,0.0,0.0,0.0,0.0,0.0,0.0,f,
WY,5604830,WESTON COUNTY SCHOOL DISTRICT #1,264.0,NEWCASTLE MIDDLE SCHOOL,560483000264,191.0,,0.0,0.0,0.0,0.0,0.0,0.0,0.0,0.0,0.0,f,
WY,5604830,WESTON COUNTY SCHOOL DISTRICT #1,265.0,NEWCASTLE ELEMENTARY 3-5,560483000265,187.0,,0.0,0.0,0.0,0.0,0.0,0.0,0.0,0.0,0.0,f,
WY,5604860,SUBLETTE COUNTY SCHOOL DISTRICT #1,267.0,PINEDALE HIGH SCHOOL,560486000267,317.0,,0.0,0.0,0.0,0.0,0.0,0.0,0.0,0.0,0.0,f,
WY,5604860,SUBLETTE COUNTY SCHOOL DISTRICT #1,268.0,PINEDALE MIDDLE SCHOOL,560486000268,239.0,,0.0,0.0,0.0,0.0,0.0,0.0,0.0,0.0,0.0,f,
WY,5604860,SUBLETTE COUNTY SCHOOL DISTRICT #1,269.0,BONDURANT ELEMENTARY,560486000269,12.0,,0.0,0.0,0.0,0.0,0.0,0.0,0.0,0.0,0.0,f,
WY,5604860,SUBLETTE COUNTY SCHOOL DISTRICT #1,270.0,PINEDALE ELEMENTARY,560486000270,509.0,,0.0,0.0,0.0,0.0,0.0,0.0,0.0,0.0,0.0,f,
WY,5605090,PLATTE COUNTY SCHOOL DISTRICT #1,271.0,CHUGWATER ELEMENTARY,560509000271,28.0,,0.0,0.0,0.0,0.0,0.0,0.0,0.0,0.0,0.0,f,
WY,5605090,PLATTE COUNTY SCHOOL DISTRICT #1,272.0,GLENDO ELEMENTARY,560509000272,35.0,,0.0,0.0,0.0,0.0,0.0,0.0,0.0,0.0,0.0,f,
WY,5605090,PLATTE COUNTY SCHOOL DISTRICT #1,273.0,WHEATLAND HIGH SCHOOL,560509000273,298.0,,0.0,0.0,0.0,0.0,0.0,0.0,0.0,0.0,0.0,f,
WY,5605090,PLATTE COUNTY SCHOOL DISTRICT #1,274.0,WHEATLAND MIDDLE SCHOOL,560509000274,229.0,,0.0,0.0,0.0,0.0,0.0,0.0,0.0,0.0,0.0,f,
WY,5605090,PLATTE COUNTY SCHOOL DISTRICT #1,275.0,LIBBEY ELEMENTARY,560509000275,216.0,,0.0,0.0,0.0,0.0,0.0,0.0,0.0,0.0,0.0,f,
WY,5605090,PLATTE COUNTY SCHOOL DISTRICT #1,277.0,WEST ELEMENTARY,560509000277,204.0,,0.0,0.0,0.0,0.0,0.0,0.0,0.0,0.0,0.0,f,
WY,5605090,PLATTE COUNTY SCHOOL DISTRICT #1,391.0,CHUGWATER HIGH SCHOOL,560509000391,13.0,,0.0,0.0,0.0,0.0,0.0,0.0,0.0,0.0,0.0,f,
WY,5605090,PLATTE COUNTY SCHOOL DISTRICT #1,392.0,GLENDO HIGH SCHOOL,560509000392,21.0,,0.0,0.0,0.0,0.0,0.0,0.0,0.0,0.0,0.0,f,
WY,5605090,PLATTE COUNTY SCHOOL DISTRICT #1,509.0,CHUGWATER JUNIOR HIGH SCHOOL,560509000509,7.0,,0.0,0.0,0.0,0.0,0.0,0.0,0.0,0.0,0.0,f,
WY,5605090,PLATTE COUNTY SCHOOL DISTRICT #1,533.0,GLENDO JUNIOR HIGH SCHOOL,560509000533,12.0,,0.0,0.0,0.0,0.0,0.0,0.0,0.0,0.0,0.0,f,
WY,5605160,PARK COUNTY SCHOOL DISTRICT # 1,196.0,SHOSHONE LEARNING CENTER,560516000196,23.0,,0.0,0.0,0.0,0.0,0.0,0.0,0.0,0.0,0.0,f,
WY,5605160,PARK COUNTY SCHOOL DISTRICT # 1,278.0,POWELL HIGH SCHOOL,560516000278,462.0,,0.0,0.0,0.0,0.0,0.0,0.0,0.0,0.0,0.0,f,
WY,5605160,PARK COUNTY SCHOOL DISTRICT # 1,279.0,POWELL MIDDLE SCHOOL,560516000279,372.0,,0.0,0.0,0.0,0.0,0.0,0.0,0.0,0.0,0.0,f,
WY,5605160,PARK COUNTY SCHOOL DISTRICT # 1,280.0,CLARK ELEMENTARY,560516000280,12.0,,0.0,0.0,0.0,0.0,0.0,0.0,0.0,0.0,0.0,f,
WY,5605160,PARK COUNTY SCHOOL DISTRICT # 1,281.0,PARKSIDE ELEMENTARY,560516000281,228.0,,0.0,0.0,0.0,0.0,0.0,0.0,0.0,0.0,0.0,f,
WY,5605160,PARK COUNTY SCHOOL DISTRICT # 1,282.0,SOUTHSIDE ELEMENTARY,560516000282,325.0,,0.0,0.0,0.0,0.0,0.0,0.0,0.0,0.0,0.0,f,
WY,5605160,PARK COUNTY SCHOOL DISTRICT # 1,283.0,WESTSIDE ELEMENTARY,560516000283,251.0,,0.0,0.0,0.0,0.0,0.0,0.0,0.0,0.0,0.0,f,
WY,5605220,FREMONT COUNTY SCHOOL DISTRICT #25,220.0,RENDEZVOUS ELEMENTARY,560522000220,384.0,,0.0,0.0,0.0,0.0,0.0,0.0,0.0,0.0,0.0,f,
WY,5605220,FREMONT COUNTY SCHOOL DISTRICT #25,286.0,RIVERTON HIGH SCHOOL,560522000286,754.0,,0.0,3.0,0.0,0.0,0.0,0.0,0.0,0.0,0.0,f,
WY,5605220,FREMONT COUNTY SCHOOL DISTRICT #25,287.0,RIVERTON MIDDLE SCHOOL,560522000287,584.0,,0.0,0.0,0.0,0.0,0.0,0.0,0.0,0.0,0.0,f,
WY,5605220,FREMONT COUNTY SCHOOL DISTRICT #25,288.0,ASHGROVE ELEMENTARY,560522000288,291.0,,0.0,0.0,0.0,0.0,0.0,0.0,0.0,0.0,0.0,f,
WY,5605220,FREMONT COUNTY SCHOOL DISTRICT #25,290.0,JACKSON ELEMENTARY,560522000290,210.0,,0.0,0.0,0.0,0.0,0.0,0.0,0.0,0.0,0.0,f,
WY,5605220,FREMONT COUNTY SCHOOL DISTRICT #25,292.0,ASPEN PARK ELEMENTARY,560522000292,387.0,,0.0,0.0,0.0,0.0,0.0,0.0,0.0,0.0,0.0,f,
WY,5605302,SWEETWATER COUNTY SCHOOL DISTRICT #1,293.0,FARSON-EDEN HIGH SCHOOL,560530200293,64.0,,0.0,0.0,0.0,0.0,0.0,0.0,0.0,0.0,0.0,f,
WY,5605302,SWEETWATER COUNTY SCHOOL DISTRICT #1,294.0,ROCK SPRINGS HIGH SCHOOL,560530200294,1311.0,,0.0,0.0,0.0,0.0,0.0,0.0,0.0,0.0,0.0,f,
WY,5605302,SWEETWATER COUNTY SCHOOL DISTRICT #1,295.0,ROCK SPRINGS JUNIOR HIGH SCHOOL,560530200295,842.0,,0.0,0.0,0.0,0.0,0.0,0.0,0.0,0.0,0.0,f,
WY,5605302,SWEETWATER COUNTY SCHOOL DISTRICT #1,296.0,PILOT BUTTE ELEMENTARY,560530200296,564.0,,1.0,1.0,1.0,0.0,0.0,0.0,0.0,0.0,0.0,f,
WY,5605302,SWEETWATER COUNTY SCHOOL DISTRICT #1,297.0,DESERT ELEMENTARY,560530200297,56.0,,0.0,0.0,0.0,0.0,0.0,0.0,0.0,0.0,0.0,f,
WY,5605302,SWEETWATER COUNTY SCHOOL DISTRICT #1,298.0,DESERT VIEW ELEMENTARY,560530200298,346.0,,0.0,0.0,0.0,0.0,0.0,0.0,0.0,0.0,0.0,f,
WY,5605302,SWEETWATER COUNTY SCHOOL DISTRICT #1,301.0,OVERLAND ELEMENTARY,560530200301,318.0,,0.0,0.0,0.0,0.0,0.0,0.0,0.0,0.0,0.0,f,
WY,5605302,SWEETWATER COUNTY SCHOOL DISTRICT #1,305.0,WALNUT ELEMENTARY,560530200305,353.0,,0.0,0.0,0.0,0.0,0.0,0.0,0.0,0.0,0.0,f,
WY,5605302,SWEETWATER COUNTY SCHOOL DISTRICT #1,359.0,INDEPENDENCE HIGH SCHOOL,560530200359,45.0,,0.0,0.0,0.0,0.0,0.0,0.0,0.0,0.0,0.0,f,
WY,5605302,SWEETWATER COUNTY SCHOOL DISTRICT #1,419.0,LINCOLN ELEMENTARY,560530200419,216.0,,0.0,0.0,0.0,0.0,0.0,0.0,0.0,0.0,0.0,f,
WY,5605302,SWEETWATER COUNTY SCHOOL DISTRICT #1,421.0,NORTHPARK ELEMENTARY,560530200421,340.0,,0.0,0.0,0.0,0.0,0.0,0.0,0.0,0.0,0.0,f,
WY,5605302,SWEETWATER COUNTY SCHOOL DISTRICT #1,422.0,WESTRIDGE ELEMENTARY,560530200422,462.0,,0.0,0.0,0.0,0.0,0.0,0.0,0.0,0.0,0.0,f,
WY,5605302,SWEETWATER COUNTY SCHOOL DISTRICT #1,427.0,SAGE ELEMENTARY,560530200427,444.0,,0.0,0.0,0.0,0.0,0.0,0.0,0.0,0.0,0.0,f,
WY,5605302,SWEETWATER COUNTY SCHOOL DISTRICT #1,489.0,FARSON-EDEN ELEMENTARY,560530200489,76.0,,0.0,0.0,0.0,0.0,0.0,0.0,0.0,0.0,0.0,f,
WY,5605302,SWEETWATER COUNTY SCHOOL DISTRICT #1,523.0,DESERT MIDDLE SCHOOL,560530200523,21.0,,0.0,0.0,0.0,0.0,0.0,0.0,0.0,0.0,0.0,f,
WY,5605302,SWEETWATER COUNTY SCHOOL DISTRICT #1,524.0,FARSON-EDEN MIDDLE SCHOOL,560530200524,35.0,,0.0,0.0,0.0,0.0,0.0,0.0,0.0,0.0,0.0,f,
WY,5605680,SHERIDAN COUNTY SCHOOL DISTRICT #3,308.0,ARVADA-CLEARMONT HIGH SCHOOL,560568000308,33.0,,0.0,0.0,0.0,0.0,0.0,0.0,0.0,0.0,0.0,f,
WY,5605680,SHERIDAN COUNTY SCHOOL DISTRICT #3,309.0,ARVADA ELEMENTARY,560568000309,4.0,,0.0,0.0,0.0,0.0,0.0,0.0,0.0,0.0,0.0,f,
WY,5605680,SHERIDAN COUNTY SCHOOL DISTRICT #3,310.0,CLEARMONT ELEMENTARY,560568000310,37.0,,0.0,0.0,0.0,0.0,0.0,0.0,0.0,0.0,0.0,f,
WY,5605680,SHERIDAN COUNTY SCHOOL DISTRICT #3,522.0,ARVADA-CLEARMONT JUNIOR HIGH,560568000522,15.0,,0.0,0.0,0.0,0.0,0.0,0.0,0.0,0.0,0.0,f,
WY,5605690,SHERIDAN COUNTY SCHOOL DISTRICT #1,311.0,BIG HORN HIGH SCHOOL,560569000311,141.0,,0.0,0.0,0.0,0.0,0.0,0.0,0.0,0.0,0.0,f,
WY,5605690,SHERIDAN COUNTY SCHOOL DISTRICT #1,312.0,TONGUE RIVER HIGH SCHOOL,560569000312,145.0,,0.0,0.0,0.0,0.0,0.0,0.0,0.0,0.0,0.0,f,
WY,5605690,SHERIDAN COUNTY SCHOOL DISTRICT #1,314.0,TONGUE RIVER ELEMENTARY,560569000314,205.0,,0.0,0.0,0.0,0.0,0.0,0.0,0.0,0.0,0.0,f,
WY,5605690,SHERIDAN COUNTY SCHOOL DISTRICT #1,395.0,BIG HORN ELEMENTARY,560569000395,201.0,,0.0,0.0,0.0,0.0,0.0,0.0,0.0,0.0,0.0,f,
WY,5605690,SHERIDAN COUNTY SCHOOL DISTRICT #1,446.0,BIG HORN MIDDLE SCHOOL,560569000446,118.0,,0.0,0.0,0.0,0.0,0.0,0.0,0.0,0.0,0.0,f,
WY,5605690,SHERIDAN COUNTY SCHOOL DISTRICT #1,447.0,TONGUE RIVER MIDDLE SCHOOL,560569000447,104.0,,0.0,0.0,0.0,0.0,0.0,0.0,0.0,0.0,0.0,f,
WY,5605690,SHERIDAN COUNTY SCHOOL DISTRICT #1,472.0,SLACK ELEMENTARY,560569000472,7.0,,0.0,0.0,0.0,0.0,0.0,0.0,0.0,0.0,0.0,f,
WY,5605695,SHERIDAN COUNTY SCHOOL DISTRICT #2,140.0,THE WRIGHT PLACE,560569500140,18.0,,0.0,0.0,0.0,0.0,0.0,0.0,0.0,0.0,0.0,f,
WY,5605695,SHERIDAN COUNTY SCHOOL DISTRICT #2,189.0,FT. MACKENZIE,560569500189,37.0,,0.0,0.0,0.0,0.0,0.0,0.0,0.0,0.0,0.0,f,
WY,5605695,SHERIDAN COUNTY SCHOOL DISTRICT #2,316.0,COFFEEN ELEMENTARY,560569500316,235.0,,0.0,0.0,0.0,0.0,0.0,0.0,0.0,0.0,0.0,f,
WY,5605695,SHERIDAN COUNTY SCHOOL DISTRICT #2,317.0,HIGHLAND PARK ELEMENTARY,560569500317,352.0,,0.0,0.0,0.0,0.0,0.0,0.0,0.0,0.0,0.0,f,
WY,5605695,SHERIDAN COUNTY SCHOOL DISTRICT #2,320.0,STORY ELEMENTARY,560569500320,15.0,,0.0,0.0,0.0,0.0,0.0,0.0,0.0,0.0,0.0,f,
WY,5605695,SHERIDAN COUNTY SCHOOL DISTRICT #2,322.0,WOODLAND PARK ELEMENTARY,560569500322,274.0,,0.0,0.0,0.0,0.0,0.0,0.0,0.0,0.0,0.0,f,
WY,5605695,SHERIDAN COUNTY SCHOOL DISTRICT #2,360.0,SHERIDAN HIGH SCHOOL,560569500360,887.0,,0.0,0.0,0.0,0.0,0.0,0.0,0.0,0.0,0.0,f,
WY,5605695,SHERIDAN COUNTY SCHOOL DISTRICT #2,361.0,SHERIDAN JUNIOR HIGH SCHOOL,560569500361,719.0,,0.0,0.0,0.0,0.0,0.0,0.0,0.0,0.0,0.0,f,
WY,5605695,SHERIDAN COUNTY SCHOOL DISTRICT #2,397.0,MEADOWLARK ELEMENTARY,560569500397,301.0,,0.0,0.0,0.0,0.0,0.0,0.0,0.0,0.0,0.0,f,
WY,5605695,SHERIDAN COUNTY SCHOOL DISTRICT #2,474.0,SAGEBRUSH ELEMENTARY,560569500474,378.0,,0.0,0.0,0.0,0.0,0.0,0.0,0.0,0.0,0.0,f,
WY,5605700,FREMONT COUNTY SCHOOL DISTRICT #24,323.0,SHOSHONI HIGH SCHOOL,560570000323,98.0,,0.0,0.0,0.0,0.0,0.0,0.0,0.0,0.0,0.0,f,
WY,5605700,FREMONT COUNTY SCHOOL DISTRICT #24,362.0,SHOSHONI ELEMENTARY,560570000362,171.0,,0.0,7.0,7.0,0.0,0.0,0.0,0.0,0.0,0.0,f,
WY,5605700,FREMONT COUNTY SCHOOL DISTRICT #24,510.0,SHOSHONI JUNIOR HIGH SCHOOL,560570000510,64.0,,0.0,0.0,0.0,0.0,0.0,0.0,0.0,0.0,0.0,f,
WY,5605762,SWEETWATER COUNTY SCHOOL DISTRICT #2,164.0,EXPEDITION ACADEMY,560576200164,57.0,,0.0,0.0,0.0,0.0,0.0,0.0,0.0,0.0,0.0,f,
WY,5605762,SWEETWATER COUNTY SCHOOL DISTRICT #2,285.0,MONROE INTERMEDIATE SCHOOL,560576200285,438.0,,0.0,0.0,0.0,0.0,0.0,0.0,0.0,0.0,0.0,f,
WY,5605762,SWEETWATER COUNTY SCHOOL DISTRICT #2,324.0,GREEN RIVER HIGH SCHOOL,560576200324,738.0,,0.0,0.0,0.0,0.0,0.0,0.0,0.0,0.0,0.0,f,
WY,5605762,SWEETWATER COUNTY SCHOOL DISTRICT #2,326.0,GRANGER ELEMENTARY,560576200326,4.0,,0.0,0.0,0.0,0.0,0.0,0.0,0.0,0.0,0.0,f,
WY,5605762,SWEETWATER COUNTY SCHOOL DISTRICT #2,329.0,MCKINNON ELEMENTARY,560576200329,14.0,,0.0,0.0,0.0,0.0,0.0,0.0,0.0,0.0,0.0,f,
WY,5605762,SWEETWATER COUNTY SCHOOL DISTRICT #2,332.0,WASHINGTON ELEMENTARY,560576200332,235.0,,0.0,3.0,0.0,0.0,0.0,0.0,0.0,0.0,0.0,f,
WY,5605762,SWEETWATER COUNTY SCHOOL DISTRICT #2,399.0,LINCOLN MIDDLE SCHOOL,560576200399,399.0,,0.0,1.0,0.0,0.0,0.0,0.0,0.0,0.0,0.0,f,
WY,5605762,SWEETWATER COUNTY SCHOOL DISTRICT #2,424.0,JACKSON ELEMENTARY,560576200424,257.0,,0.0,0.0,0.0,0.0,0.0,0.0,0.0,0.0,0.0,f,
WY,5605762,SWEETWATER COUNTY SCHOOL DISTRICT #2,425.0,TRUMAN ELEMENTARY,560576200425,278.0,,0.0,0.0,0.0,0.0,0.0,0.0,0.0,0.0,0.0,f,
WY,5605762,SWEETWATER COUNTY SCHOOL DISTRICT #2,439.0,HARRISON ELEMENTARY,560576200439,252.0,,0.0,3.0,0.0,0.0,0.0,0.0,0.0,0.0,0.0,f,
WY,5605762,SWEETWATER COUNTY SCHOOL DISTRICT #2,528.0,THOMAN RANCH ELEMENTARY,560576200528,2.0,,0.0,0.0,0.0,0.0,0.0,0.0,0.0,0.0,0.0,f,
WY,5605820,WASHAKIE COUNTY SCHOOL DISTRICT #2,393.0,TEN SLEEP K-12,560582000393,108.0,,0.0,0.0,0.0,0.0,0.0,0.0,0.0,0.0,0.0,f,
WY,5605830,TETON COUNTY SCHOOL DISTRICT #1,289.0,COLTER ELEMENTARY,560583000289,425.0,,0.0,0.0,0.0,0.0,0.0,0.0,0.0,0.0,0.0,f,
WY,5605830,TETON COUNTY SCHOOL DISTRICT #1,313.0,DAVEY JACKSON ELEMENTARY,560583000313,532.0,,0.0,2.0,0.0,0.0,0.0,0.0,0.0,0.0,0.0,f,
WY,5605830,TETON COUNTY SCHOOL DISTRICT #1,335.0,JACKSON HOLE HIGH SCHOOL,560583000335,580.0,,0.0,0.0,0.0,0.0,0.0,0.0,0.0,0.0,0.0,f,
WY,5605830,TETON COUNTY SCHOOL DISTRICT #1,336.0,JACKSON HOLE MIDDLE SCHOOL,560583000336,531.0,,0.0,3.0,0.0,0.0,0.0,0.0,0.0,0.0,0.0,f,
WY,5605830,TETON COUNTY SCHOOL DISTRICT #1,337.0,ALTA ELEMENTARY,560583000337,50.0,,0.0,0.0,0.0,0.0,0.0,0.0,0.0,0.0,0.0,f,
WY,5605830,TETON COUNTY SCHOOL DISTRICT #1,339.0,KELLY ELEMENTARY,560583000339,52.0,,0.0,0.0,0.0,0.0,0.0,0.0,0.0,0.0,0.0,f,
WY,5605830,TETON COUNTY SCHOOL DISTRICT #1,340.0,MORAN ELEMENTARY,560583000340,17.0,,0.0,0.0,0.0,0.0,0.0,0.0,0.0,0.0,0.0,f,
WY,5605830,TETON COUNTY SCHOOL DISTRICT #1,341.0,WILSON ELEMENTARY,560583000341,218.0,,0.0,0.0,0.0,0.0,0.0,0.0,0.0,0.0,0.0,f,
WY,5605830,TETON COUNTY SCHOOL DISTRICT #1,512.0,SUMMIT HIGH SCHOOL,560583000512,51.0,,0.0,0.0,0.0,0.0,0.0,0.0,0.0,0.0,0.0,f,
WY,5606090,WESTON COUNTY SCHOOL DISTRICT #7,342.0,UPTON MIDDLE SCHOOL,560609000342,61.0,,0.0,0.0,0.0,0.0,0.0,0.0,0.0,0.0,0.0,f,
WY,5606090,WESTON COUNTY SCHOOL DISTRICT #7,363.0,UPTON ELEMENTARY,560609000363,109.0,,0.0,0.0,0.0,0.0,0.0,0.0,0.0,0.0,0.0,f,
WY,5606090,WESTON COUNTY SCHOOL DISTRICT #7,401.0,UPTON HIGH SCHOOL,560609000401,74.0,,0.0,0.0,0.0,0.0,0.0,0.0,0.0,0.0,0.0,f,
WY,5606240,WASHAKIE COUNTY SCHOOL DISTRICT #1,343.0,WORLAND HIGH SCHOOL,560624000343,378.0,,0.0,0.0,0.0,0.0,0.0,0.0,0.0,0.0,0.0,f,
WY,5606240,WASHAKIE COUNTY SCHOOL DISTRICT #1,344.0,WORLAND MIDDLE SCHOOL,560624000344,317.0,,0.0,0.0,0.0,0.0,0.0,0.0,0.0,0.0,0.0,f,
WY,5606240,WASHAKIE COUNTY SCHOOL DISTRICT #1,345.0,EAST SIDE ELEMENTARY,560624000345,243.0,,0.0,0.0,0.0,0.0,0.0,0.0,0.0,0.0,0.0,f,
WY,5606240,WASHAKIE COUNTY SCHOOL DISTRICT #1,346.0,SOUTH SIDE ELEMENTARY,560624000346,191.0,,0.0,0.0,0.0,0.0,0.0,0.0,0.0,0.0,0.0,f,
WY,5606240,WASHAKIE COUNTY SCHOOL DISTRICT #1,347.0,WEST SIDE ELEMENTARY,560624000347,256.0,,0.0,0.0,0.0,0.0,0.0,0.0,0.0,0.0,0.0,f,
WY,5680180,NORTHEAST WYOMING BOCES,31.0,POWDER RIVER BASIN CHILDREN'S CENTER,568018000031,39.0,,0.0,204.0,590.0,0.0,0.0,0.0,0.0,0.0,0.0,f,
WY,5680250,REGION V BOCES,48.0,C-BAR-V RANCH,568025000048,42.0,,0.0,180.0,300.0,0.0,0.0,0.0,0.0,0.0,0.0,f,
WY,5680251,WYOMING DEPARTMENT OF FAMILY SERVICES,534.0,WYOMING GIRLS SCHOOL,568025100534,36.0,Z,0.0,0.0,0.0,0.0,0.0,0.0,0.0,0.0,0.0,t,
WY,5680251,WYOMING DEPARTMENT OF FAMILY SERVICES,538.0,WYOMING BOYS SCHOOL,568025100538,73.0,Z,0.0,0.0,11.0,0.0,0.0,0.0,0.0,0.0,11.0,t,
WY,5680252,"YOUTH EMERGENCY SERVICES, INC. - ADMINISTRATION OFFICE",350.0,"YOUTH EMERGENCY SERVICES, INC.",568025200350,94.0,,0.0,0.0,0.0,0.0,0.0,0.0,0.0,0.0,0.0,f,
